firstname,birthdate,salary
Sarette,1978-06-23,86113
Fanny,1973-04-13,23604
Ezmeralda,2001-01-19,93335
Mara,1977-04-04,5896
Arabel,2005-05-26,88541
Renae,1982-08-24,98030
Maurene,1983-03-28,46843
Johna,2014-05-16,77849
Evita,2001-02-14,99594
Maud,1980-09-05,94397
Elsie,1994-03-15,30163
Jemie,1974-05-27,40957
Lusa,1986-07-25,87499
Clo,1974-09-01,49671
Ulrike,2016-09-28,12296
Emmey,2001-04-17,40403
Annice,2006-02-23,8791
Margarette,2008-03-23,67010
Maryellen,1996-06-02,35761
Ezmeralda,2018-01-09,16481
Shaine,1978-07-28,40768
Trixi,2011-07-16,64025
Cindelyn,2010-03-09,21788
Dawn,2011-10-03,18849
Atlanta,1994-05-26,15762
Clo,1991-02-01,96499
Nadine,1988-11-17,79864
Kellen,1984-03-17,30311
Aigneis,1971-01-24,5798
Benita,1996-06-15,61872
Elvira,2011-10-26,72638
Ninnetta,1975-06-10,57144
Trudie,1989-07-23,68210
Arlena,2006-07-28,35207
Keelia,1995-09-01,51121
Anallese,1995-05-02,67690
Lexine,2018-06-23,37303
Raf,1988-06-15,64078
Darci,1986-03-01,34742
Chandra,1971-11-08,47719
Heddie,2015-10-04,86818
Jennica,1989-11-10,85384
Rosabelle,1985-01-04,75008
Konstance,1991-10-12,29377
Corene,1981-04-26,36975
Isa,2014-05-18,56079
Debee,1987-07-02,95026
Meg,2007-05-25,27958
Kenna,1979-04-10,70822
Renae,1972-03-28,74497
Leona,2007-06-10,43635
Marline,2015-10-07,81547
Joeann,2014-01-04,27076
Emma,2012-04-16,25389
Marika,1974-04-22,92947
Jean,2018-04-29,77567
Flo,2014-11-09,52791
Maisey,1974-03-23,8078
Feliza,2016-02-07,62415
Constance,2018-04-01,41485
Randa,1988-10-19,67320
Tierney,1974-04-09,53274
Wynne,1991-11-18,99034
Giustina,1996-04-22,15349
Lizzie,1975-07-13,20095
Mureil,1988-07-30,70518
Zaria,2010-11-18,45981
Sarette,2003-05-14,96540
Mallory,2000-05-21,12266
Brynna,1986-10-02,95923
Caryl,2014-01-08,80037
Jillayne,2002-01-13,26596
Modestia,1987-01-17,50583
Johna,2004-07-26,57976
Marguerite,2019-08-05,79226
Cyndie,2015-09-10,8182
Adore,1991-05-06,45789
Sandie,2015-01-26,44790
Fidelia,2004-04-05,72325
Randa,1993-08-07,86598
Rayna,1991-10-26,60698
Gloria,2014-10-10,59034
Karena,1979-08-21,42604
Hallie,1999-07-26,40095
Coral,1996-12-02,28336
Melisent,1982-10-11,70664
Jemie,2009-10-11,31408
Nicoli,2013-10-06,39170
Allyce,2004-07-24,70976
Melina,2003-06-01,37786
Minda,1991-05-08,23726
Cathyleen,2013-03-04,52900
Ardys,1988-08-31,40403
Corene,1975-09-13,8394
Cristabel,1980-02-10,70634
Deedee,2008-04-07,97489
Angela,2001-10-23,72930
Lesly,1985-10-15,73289
Tierney,1971-01-29,15023
Sharai,1988-07-06,48442
Di,1974-05-01,20802
Lonnie,1977-08-18,64444
Modestia,1998-01-01,61603
Concettina,1976-07-05,16338
Janey,2011-09-09,72417
Myrtice,1980-08-22,35490
Vevay,2001-09-21,70929
Rhea,1999-07-27,65718
Roberta,2006-11-20,21465
Merci,1979-04-12,96083
Danny,2014-04-28,28871
Marleah,1997-12-12,76370
Harmonia,1970-06-06,56255
Lyssa,1992-11-13,11346
Di,1978-02-07,47061
Kara-Lynn,1970-11-23,65200
Emylee,1978-05-26,32532
Andeee,1991-08-21,74639
Korrie,2000-09-13,83267
Mallory,2007-05-27,74186
Viki,1978-06-02,70686
Penelopa,1974-01-21,28503
Minda,1985-08-14,37429
Lyssa,1982-10-03,30855
Renae,2000-08-09,46639
Petronia,1984-06-25,57067
Babita,1977-09-08,49294
Bee,2001-02-09,58517
Nelle,1974-08-29,17374
Vinita,1990-10-25,60269
Gratia,1990-11-24,17678
Evaleen,2000-05-14,19078
Delilah,2003-05-27,21546
Deloria,1974-03-02,47592
Maisey,2017-03-04,27783
Gabriellia,2004-12-09,24596
Ivett,1972-01-12,48642
Riannon,2012-01-17,96616
Maurene,2012-04-06,97376
Joy,2000-06-03,5043
Theodora,1975-02-16,32649
Paulita,1990-02-04,26669
Candi,1989-01-05,70091
Jordan,1972-10-03,51554
Aili,1996-11-25,97416
Eve,1981-04-27,69605
Patricia,2001-03-18,46682
Mary,2009-01-20,5863
Catharine,2013-12-28,7336
Susan,2016-06-25,66665
Lila,1991-09-22,69622
Sherrie,1985-04-30,32578
Leeanne,1975-08-02,67147
Nita,2007-10-14,76604
Donnie,1993-01-24,57249
Lizzie,1982-07-26,51015
Roslyn,2003-08-19,34340
Hannis,2011-05-27,25779
Priscilla,1984-10-11,29599
Celestyna,2004-07-12,95366
Amii,1977-03-19,7118
Chloris,2011-06-15,82428
Mariele,2017-05-03,42747
Rani,2006-09-04,14783
Emilia,1989-09-30,69388
Neila,1975-09-26,36429
Jean,1973-10-01,14061
Goldie,2018-04-05,76268
Dania,1976-07-15,33361
Siana,1991-03-14,96515
Shaylyn,1991-06-29,92511
Barbi,2007-04-03,35995
Katharina,2004-02-20,16465
Adele,2016-08-12,41926
Fred,1991-09-10,84773
Johna,2015-07-26,27874
Delilah,1986-05-18,40560
Fernande,2015-12-15,53964
Marsiella,1971-07-03,55937
Nataline,1996-04-02,66558
Calla,1976-12-15,67908
Glynnis,1991-11-18,66398
Sean,1970-06-29,10417
Mariele,1978-03-17,83062
Candi,1994-10-20,21658
Beth,1975-08-06,79012
Merci,1977-01-03,71969
Lelah,1972-08-24,64813
Karena,1995-02-19,18175
Laurene,1981-09-15,13252
Verla,1997-01-12,66787
Shell,1994-09-30,54056
Maye,1987-06-01,71491
Drucie,1982-12-21,61245
Jordan,2014-01-16,42068
Kimberley,2014-05-13,33626
Dorice,2000-01-06,11599
Peri,1981-04-17,86167
Danika,2016-08-17,37096
Brianna,1989-11-29,63447
Annora,2000-05-16,46488
Brianna,1976-12-30,28105
Donetta,2004-10-10,33830
Darlleen,1995-07-31,23171
Mamie,1974-08-19,27494
Marti,1978-07-14,29782
Nariko,1979-08-20,16072
Madelle,1982-11-27,37993
Ebonee,1998-03-07,64720
Leontine,1994-02-01,37594
Valli,2001-04-09,63589
Alexine,1979-06-18,50940
Camile,1984-10-28,86903
Zia,1983-05-31,99839
Audrie,2016-09-10,62861
Magdalena,2005-10-26,31971
Linet,1986-09-01,88758
Pierette,1993-05-18,95534
Dominga,1970-01-23,51566
Orsola,1982-11-19,12064
Theodora,1985-10-13,40596
Maryellen,1993-05-21,36723
Lenna,1976-05-27,25402
Deirdre,2016-10-28,82649
Mallory,1980-12-12,8997
Amelia,2012-12-02,72366
Vevay,2003-03-28,10071
Quintina,1972-10-01,28699
Atlanta,1973-09-02,78233
Tersina,1973-05-11,69318
Jerry,2002-09-12,58457
Darlleen,1970-02-14,59425
Rayna,2016-05-13,32586
Maye,2013-10-25,24203
Calla,1990-04-16,70461
Lexine,2009-08-03,48630
Elise,1979-10-12,96312
Pollyanna,2012-07-26,10062
Basia,2016-04-21,92284
Ivett,1994-01-08,11540
Carly,1976-12-12,66452
Bernardine,1970-01-02,78321
Annice,2018-03-12,86145
Darlleen,1984-10-29,52567
Max,2006-03-03,78796
Winny,1997-12-17,24980
Karena,2008-10-06,81246
Roberta,1977-05-27,92743
Trixi,1990-08-23,19319
Suzette,1970-12-07,53539
Amii,2011-01-10,32483
Kayla,1998-12-18,68698
Norine,1976-12-13,80998
Reeba,2004-01-27,73567
Belinda,1976-10-07,56898
Mildrid,2012-03-26,47497
Wileen,1972-09-09,74963
Kimberley,1971-06-21,11219
Rubie,1994-09-05,92315
Ronna,2016-05-12,23422
Vere,2003-07-09,61556
Sindee,1985-02-14,25909
Leeanne,2017-02-08,62569
Giustina,2005-02-05,68667
Lorenza,1974-02-24,85474
Vanessa,2006-07-17,24536
Brooks,1988-09-19,29836
Mildrid,2008-06-26,57876
Catrina,2012-02-05,98235
Florie,1993-09-15,78503
Jenilee,2008-08-02,21494
Sean,1980-12-23,14151
Andree,1972-12-18,84711
Aeriela,1998-03-19,26759
Darlleen,2009-01-31,46482
Norine,2003-03-18,39013
Claresta,1974-04-22,36388
Lexine,2011-01-08,32104
Jessy,1976-12-02,89692
Dode,1983-12-03,86023
Drucie,2006-06-27,11999
Lizzie,1973-06-06,87298
Frank,1997-09-09,43745
Briney,1987-09-09,22992
Emma,2014-12-03,11972
Orelia,2019-11-04,22250
Maisey,1999-08-23,75927
Margarette,1989-05-12,18099
Lelah,1975-06-06,78873
Konstance,2003-01-27,94506
Sheelagh,2002-05-09,63203
Chandra,1982-11-10,21183
Queenie,1985-09-02,28577
Clary,1974-09-07,38887
Grier,1990-07-23,20968
Gerrie,1972-09-30,99766
Alejandra,1971-10-03,52681
Ebonee,2016-04-30,64265
Ofilia,1970-02-04,13444
Bettine,1996-09-12,21356
Sidoney,1981-04-09,89568
Willetta,1981-01-26,66634
Tami,1999-06-11,88092
Monika,1999-06-27,85157
Florencia,1984-03-30,70234
Vevay,1971-01-21,53926
Jean,2019-04-14,73906
Althea,1975-11-24,29550
Fawne,1979-04-28,42314
Tatiania,1996-01-20,74582
Helsa,1989-08-09,22126
Desirae,1986-04-15,97913
Fernande,2004-04-22,88487
Therine,2002-12-10,45465
Amii,2005-10-11,21101
Lindie,1994-12-20,11684
Winifred,1991-08-17,64395
Ernesta,1991-02-13,74123
Lynnea,1999-03-02,37572
Lenna,1971-10-30,66694
Deirdre,2018-05-31,87793
Sharai,1994-02-18,66018
Lulita,2015-04-18,51479
Kristan,2010-04-03,93323
Quintina,2019-01-08,56765
Tomasina,2013-06-18,86793
Annaliese,1985-05-19,80238
Shaine,2005-07-17,78912
Tabbatha,1983-07-27,46899
Mariann,1988-01-02,6629
Ileana,1970-09-16,44468
Ann-Marie,2000-07-21,47916
Roz,1990-03-10,63844
Farrah,2008-06-30,79191
Melisent,2011-07-26,39982
Pamella,2007-05-02,41594
Therine,2017-12-27,6477
Jerry,2019-12-16,70691
Bernardine,1977-01-03,49846
Shaylyn,2018-08-24,72452
Daryl,2011-09-03,92524
Yetty,2006-08-26,5276
Marcelline,1987-01-01,67280
Oona,2010-02-22,27584
Jinny,1978-07-05,31380
Kalina,1995-12-03,48142
Anallese,2009-08-26,32539
Aimil,1970-05-20,58382
Wileen,2005-03-30,82259
Carmencita,1974-12-10,51605
Darci,1996-09-09,91312
Adriana,1980-07-26,83254
Nariko,2006-10-19,78202
Jenilee,2012-05-23,78865
Rosene,1978-07-30,82217
Mureil,2019-07-29,62763
Lita,1999-05-18,29690
Cathyleen,1994-11-29,25046
Daryl,1997-03-02,96988
Kaia,2018-07-19,73161
Andree,2013-09-04,55732
Rosanne,1990-08-27,43859
Kaja,1975-08-08,22079
Farrah,1972-01-28,76882
Sybille,1977-03-13,13635
Nonnah,1975-04-08,79012
Cherilyn,1999-11-18,34364
Thalia,1994-05-21,73055
Alyssa,2003-02-03,18473
June,1972-03-19,33372
Aaren,1985-06-30,9087
Emelina,1998-07-24,44070
Susette,2002-10-03,7190
Gale,1971-08-25,64795
Louella,1978-01-31,51130
Rozele,2016-09-26,83760
Dode,1989-12-22,17504
Adele,1975-12-21,91699
Kellen,1985-04-16,76522
Lanna,1983-05-31,14120
Britte,1999-07-09,85001
Cecile,2017-05-13,39900
Alexine,2011-07-22,29293
Kathy,1981-04-07,93300
Lonnie,2000-11-17,30727
Valera,2008-09-19,96036
Clementine,1975-10-28,36805
Belinda,1987-01-22,74249
Willetta,2007-03-25,28329
Annecorinne,2002-01-21,34811
Carlie,1984-02-03,23801
Ayn,1977-07-11,25097
Konstance,1995-05-26,71556
Ekaterina,1970-11-09,92297
Michaelina,1972-01-17,87798
Merry,2017-12-27,30625
Layla,2005-01-16,96118
Goldie,2007-01-26,47679
Brana,1994-09-23,9985
Alexine,2018-10-12,14318
Ricky,1991-06-19,81162
Rozele,2000-01-17,60561
Laure,1988-07-17,85656
Karena,2011-06-06,18514
Kristan,1971-08-12,40699
Marnia,2010-08-22,52916
Rosanne,2005-04-05,45357
Pierette,1970-05-25,36439
Ardenia,2002-03-22,62596
Catrina,1979-12-12,8831
Tonia,1998-07-02,13675
Doralynne,2008-11-02,80236
Allyce,2015-08-24,95773
Rosanne,2010-09-18,13511
Annecorinne,2000-09-01,83750
Danika,1986-05-09,64480
Livvyy,1975-04-19,50322
Kassey,1980-07-14,9750
Belva,2011-09-28,64747
Sheree,1990-11-21,94518
Alyda,2005-11-07,67315
Mara,1980-04-09,19552
Evaleen,1985-11-22,61497
Marti,2008-01-18,98685
Joleen,1995-09-06,44599
Yvonne,1999-05-07,26737
Konstance,2001-10-30,13222
Kaja,1990-03-14,62366
Taffy,2008-11-05,8955
Myrtice,2013-02-10,92959
Elyssa,1983-03-29,81090
Tierney,1972-11-23,50868
Juliane,2018-03-10,25870
Frieda,2004-08-19,31801
Elora,2011-05-12,9218
Joane,2017-07-03,85669
Kimmy,2006-07-07,19255
Mary,1972-03-04,8284
Phylis,2007-05-01,87836
Fredericka,1993-01-22,54035
Corina,1994-11-14,57990
Oralee,2008-10-07,22937
Ivett,1974-04-21,39276
Clarice,1973-09-04,35756
Dale,1984-11-09,7680
Hallie,2001-08-10,34084
Shel,1989-11-16,17556
Verla,1998-11-21,40898
Helsa,2016-08-05,92020
Linzy,2017-01-31,26254
Asia,1985-02-01,67925
Rosanne,1984-07-14,8534
Allis,1981-06-22,67387
Pamella,1997-05-11,79460
Joane,1994-08-12,82429
Nananne,2015-05-04,8911
Briney,2014-11-24,81326
Linzy,1977-07-04,55520
Dacia,1978-11-02,84762
Myrtice,1998-10-11,75991
Nariko,1978-07-31,43753
Valli,1992-06-16,7152
Gaylene,1991-03-27,68705
Doralynne,1998-07-09,22088
Dotty,2015-09-08,54221
Nessie,2006-07-09,18961
Sidoney,1984-12-04,31558
Ezmeralda,1976-05-04,29377
Goldie,2012-08-27,12193
Aryn,1976-09-23,41679
Riannon,1994-07-26,28674
Danny,2008-11-30,7774
Maye,1992-03-13,23048
Leanna,1977-04-15,72800
Chandra,1974-11-17,60947
Linzy,1973-05-28,91487
Pierette,1978-03-16,88900
Lulita,1970-03-25,22806
Pearline,1985-07-26,83235
Sandie,1996-07-01,55682
Joeann,2011-05-03,91556
Emmey,1982-12-26,53876
Bernardine,2008-06-24,33180
Joelly,2014-07-16,28467
Oona,1990-09-06,20134
Merrie,1990-02-04,53532
Lorie,2018-03-08,57232
Hettie,2012-08-17,21703
Melanie,1971-12-24,62312
Marguerite,2004-05-17,99251
Genovera,1985-12-18,55810
Sara-Ann,1980-04-18,12668
Vivia,1979-03-28,15099
Steffane,1978-07-28,40684
Brena,2019-09-12,95239
Tina,2015-12-06,68687
Viviene,1976-09-09,92668
Blake,1990-10-28,73356
Aaren,2014-02-23,34577
Lulita,1996-06-25,24571
Frances,2007-02-17,48151
Leia,1999-06-01,63540
Katleen,1990-05-23,72002
Peri,1983-02-01,65389
Sandie,1971-10-08,7718
Courtnay,2012-11-04,51428
Belva,1980-12-14,59018
Giustina,1974-02-09,14574
Rayna,2006-10-27,36971
Tarra,2017-08-18,92640
Katuscha,1985-09-28,44174
Thalia,1995-09-25,93689
Harmonia,1991-05-12,56503
Fawne,2014-11-16,70514
Judy,1992-02-06,60427
Sidoney,1974-02-11,58696
Aurore,1970-08-28,94967
Alexine,1986-11-30,52561
Ana,1980-02-14,89265
Evaleen,2018-05-29,58249
Gertrud,1980-11-15,10090
Brietta,1983-07-17,40294
Annecorinne,2016-09-01,63971
Lorne,1977-12-14,93692
Elka,1997-03-11,60393
Marleah,1992-06-14,29554
Paule,2012-02-17,7258
Jemie,2000-05-11,16718
Melisent,1986-09-05,46202
Barbara,1971-03-28,85015
Candi,1982-10-16,12861
Carlie,2010-07-29,21221
Fredericka,1989-05-19,16712
Tressa,2015-09-04,36830
Minda,1986-08-11,99272
Esmeralda,1971-02-18,6713
Minda,1999-04-19,6830
Fernande,2000-03-07,76079
Maud,2014-08-26,31742
Meriel,1986-05-25,51052
Dianemarie,2006-06-02,49353
Shannah,1977-04-25,43118
Latisha,1993-10-15,30925
Cissiee,1990-08-30,13731
Mariele,2006-03-28,14791
Hyacinthe,2000-04-23,86620
Kylynn,2009-09-06,84649
Belinda,1997-05-13,43128
Wilma,2008-02-05,56876
Meg,1998-12-03,55629
Pearline,2002-08-08,49000
Fanchon,2010-04-21,47874
Shell,1998-04-18,7354
Frieda,1973-12-08,92557
Ira,1988-10-21,89951
Elfreda,2009-10-04,73722
Caryl,1981-05-23,45968
Sandie,2005-06-18,78258
Edyth,2000-10-26,64231
Doro,2010-11-24,52510
Renae,1977-07-18,73793
Gretal,1979-12-04,17310
Rayna,2006-12-31,93976
Merle,1979-12-06,25836
Jean,2010-03-16,75130
Clary,1995-05-11,59155
Monika,1976-12-22,61971
Sonni,1999-01-18,80458
Lanna,2002-02-07,50350
Lucy,1978-06-20,99819
Gilda,2015-06-04,69700
Drucie,1994-10-11,46825
Betta,2011-08-21,16873
Ruthe,1992-07-02,89716
Christal,1988-03-10,35331
Margette,2007-07-05,75945
Olivette,1992-05-18,46701
Zia,2000-03-14,12730
Aurelie,1977-10-14,50876
Hayley,2016-12-19,88036
Binny,1995-12-29,61961
Gabi,1984-02-22,84107
Caryl,2014-04-25,62919
Julieta,1980-12-08,39980
Jackie,1972-08-11,16590
Clarice,2009-11-30,21800
Annaliese,1979-01-09,62619
Agnese,1985-07-30,21001
Eadie,2018-07-02,10783
Lorne,2010-02-08,46801
Chickie,1990-07-13,5657
Desirae,2010-09-24,83056
Wendi,1972-09-16,77186
Tybie,2002-07-19,53629
Lisette,2007-02-14,70157
Karena,1997-10-13,70378
Gilligan,2017-08-15,67937
Valli,1996-01-31,95724
Celene,2000-09-30,61122
Bertine,1989-07-06,15027
Karly,2018-11-10,92419
Deane,2012-01-14,54969
Jenilee,1982-09-22,35638
Riannon,2016-03-25,86611
Mellicent,2006-04-02,55306
Yetty,1984-11-20,40358
Sibella,2010-06-25,61012
Valeda,1990-01-18,66320
Tami,1984-03-20,35581
Doro,2004-04-04,42203
Wanda,1977-07-13,75143
Paule,2004-12-17,80520
Aigneis,2002-11-26,87479
Calla,1996-01-02,80261
Maud,1977-02-05,12192
Doro,1974-07-27,20306
Miquela,2016-04-07,39519
Starla,2010-01-06,86037
Aigneis,1983-10-05,46843
Sidoney,1985-07-03,57447
Neila,1986-02-15,20998
Priscilla,1970-12-10,90229
Dania,1985-04-09,49561
Elbertina,2007-11-05,5219
Fawne,1999-04-19,68144
Ermengarde,2008-12-31,44588
Annora,1986-08-24,59592
Frances,1997-05-07,84113
Ira,1979-07-16,11722
Jere,1995-05-17,81456
Dede,1997-05-07,22704
Fayre,1987-05-25,7754
Aurelie,1972-03-29,71756
Vita,2018-05-12,80412
Moyna,1976-10-27,95043
Marnia,2016-02-13,37873
Chastity,1977-08-29,93660
Cherrita,2004-04-21,17519
Petronia,2012-07-17,46993
Sallie,2009-07-17,46466
Yvonne,1984-11-06,99670
Lilith,1975-08-07,50217
Gertrud,2016-12-04,16698
Marleah,1984-01-14,75157
Yetty,1990-10-10,44468
Angelique,2008-08-20,34670
Shannah,1976-01-19,12546
Edyth,2001-12-09,87045
Rhoda,2007-03-29,11071
Sheree,2017-05-29,15639
Katharina,2010-04-14,93564
Ellette,2008-04-20,78706
Deirdre,1974-09-08,79994
Viki,2009-10-11,39637
Gloria,2017-04-15,32051
Dennie,1992-04-11,18916
Hannis,2015-02-15,33271
Emmey,2011-12-06,14559
Mildrid,1993-01-19,42958
Jean,1991-08-06,34706
Charlena,2003-03-01,49014
Betta,1998-07-30,72222
Phedra,2018-02-19,25045
Rori,2015-06-21,68111
Cassondra,1974-10-19,73728
Minne,1991-05-23,99338
Alia,1996-09-17,85285
Florencia,1971-04-18,96633
Daryl,2012-05-28,14866
Jsandye,1985-08-11,95418
Kirstin,1977-02-08,76516
Petronia,1971-02-12,74881
Danika,2013-04-29,54697
Di,2014-02-05,21061
Kathy,1993-06-29,25366
Krystle,2015-01-19,58472
Mignon,2003-09-21,81541
Agathe,1981-07-03,14576
Anthia,1983-08-31,62167
Nicoli,1991-08-30,94944
Melanie,1970-06-27,98220
Peri,1970-05-26,44769
Ottilie,2009-03-10,14410
Renae,1980-06-15,63761
Fred,2010-03-05,46125
Reeba,1999-12-13,27211
Vevay,1988-03-09,51611
Keelia,2019-10-20,96337
Nadine,2012-11-24,58312
Georgina,2000-04-11,6781
Sharlene,2007-07-19,48159
Roxane,1971-03-14,94781
Anthia,1988-12-09,57757
Mathilda,2015-10-15,73699
Mara,1999-04-07,29366
Anestassia,2010-11-26,30665
Farrah,1986-01-01,60643
Dorthy,1979-03-06,5820
Tami,1981-07-16,91431
Codie,1985-09-17,41987
Libbie,1988-06-04,31328
Mathilda,1979-02-27,67048
Mahalia,1985-03-22,58742
Lynde,1973-02-28,49381
Marguerite,2000-01-01,34587
Melanie,1984-04-11,47064
Perry,2016-05-13,12672
Etta,1991-01-16,74833
Hope,2004-06-03,32577
Perry,2016-02-06,61384
Mary,2014-07-07,45201
Joeann,1973-01-14,33145
Elka,2013-12-14,53584
Bernie,1995-06-24,50180
Corly,2006-09-15,90560
Gale,2014-03-31,77118
Aeriela,1971-11-24,52286
Tina,2018-06-19,17483
Sheelagh,1979-02-15,78819
Grier,1994-12-15,89221
Giustina,2006-04-29,96855
Florencia,1980-10-02,45526
Beverley,2009-02-21,30016
Basia,2019-09-07,56765
Daryl,2006-02-19,13875
Elka,2010-03-20,10648
Ingrid,1996-03-29,5095
Trudie,1995-08-13,50472
Larine,1970-10-11,84071
Paulita,2008-05-26,54645
Addia,1975-08-30,48576
Margette,2016-09-04,43930
Jany,2002-08-15,54537
Basia,1983-02-13,96764
Raina,1974-06-24,69423
Sheree,1976-10-23,89758
Patricia,1987-09-22,45548
Tami,1976-05-25,33743
Tressa,1995-05-10,12884
Gilligan,1990-08-20,79369
Lorenza,2019-06-23,48117
Rani,1988-05-22,55656
Claresta,1999-03-03,38965
Ileana,1973-06-18,49956
Dominga,2005-02-11,44375
Alejandra,2005-03-07,87149
Lila,2011-10-03,57708
Annabela,2016-01-31,67993
Ada,1981-12-04,38552
Trixi,1991-11-03,10732
Heida,1995-12-01,81122
Dorothy,1985-01-14,95018
Emilia,1980-03-09,22781
Emmey,2001-08-24,45778
Tybie,1972-03-21,14283
Jennica,1987-08-09,79454
Arabel,1989-02-23,36066
Tami,2000-01-17,68417
Larine,2006-06-29,79863
Kristan,1972-03-27,26057
Sue,1989-06-11,59719
Vivia,2019-01-05,78002
Clarice,2015-01-19,86934
Rhoda,1981-04-17,7904
Fawne,1993-05-11,27050
Tilly,1988-11-09,96517
Andeee,1977-10-27,66027
Claresta,2018-01-14,86721
Cassandra,1987-09-08,77306
Lonnie,1990-10-18,24983
Florie,1996-05-11,60765
Rori,2014-05-27,13316
Caressa,1974-10-02,32835
Alleen,2018-04-14,52103
Tobe,1998-04-18,39452
Ardenia,2015-07-23,82438
Trudie,1978-04-03,70220
Jeanna,2008-02-16,8055
Augustine,1992-08-30,28132
Wendi,1979-02-08,25463
Angelique,1991-08-14,63148
Meg,1988-02-01,94223
Augustine,1991-03-10,92856
Ardeen,2000-06-02,59290
Natka,1985-07-13,51080
Lanna,1993-05-28,42604
Althea,1971-10-29,79105
Concettina,1974-08-09,6425
Keelia,2009-02-14,63666
Gavrielle,1973-08-30,52034
Lisette,2000-04-17,26822
Laure,2003-07-12,59828
Susan,1976-08-25,59201
Cathie,1986-06-05,89006
Claudina,1973-04-28,32732
Goldie,1972-04-04,13907
Merle,2008-03-13,56201
Chere,1986-06-27,99575
Meghann,1977-05-15,41364
Carree,2002-07-26,55241
Vinita,1973-04-22,94980
Marleah,1974-05-03,70156
Janey,1986-12-25,73358
Mady,1980-10-25,94654
Kaja,1991-11-10,39787
Deloria,1975-05-17,19499
Shauna,1980-08-10,56401
Katleen,1984-09-05,72755
Agathe,2008-11-12,20519
Suzette,1976-07-11,32686
Georgina,2015-03-14,61288
Coral,1970-03-07,71016
Kristan,2008-12-23,73877
Ingrid,1990-08-22,23157
Collen,1984-08-14,84190
Aili,2007-07-04,94141
Kirstin,1988-06-19,47421
Pollyanna,1978-06-04,16798
Etta,1972-01-14,45238
Livvyy,2006-01-16,38950
Millie,2007-10-13,31798
Annaliese,1977-12-22,29246
Helena,2006-01-17,65004
Celene,1998-04-23,96061
Kalina,2015-06-19,29615
Mignon,1995-04-13,80551
Wendi,2008-10-25,97864
Sandie,1994-01-02,72198
Noelle,2012-12-09,74818
Hannis,2003-05-29,75442
Kary,1994-03-01,8807
Nickie,1975-04-22,51947
Gale,1986-03-24,82195
Gavrielle,1981-09-06,88680
Mildrid,1970-06-10,30546
Wilma,1992-11-14,72290
Rhea,1977-03-11,68528
Anthia,1997-03-04,90798
Dari,1983-05-22,42638
Beth,2002-10-18,50534
Corene,2001-03-03,33481
Lanna,1984-03-15,65482
Mildrid,1984-02-02,38936
Shauna,1983-03-09,77846
Vere,1982-10-02,99556
Lynea,2009-12-16,24319
Kary,1999-10-09,13059
Chrystel,1999-10-01,98941
Modestia,1977-07-30,87198
Roslyn,1977-12-01,34415
Fanny,2010-07-23,44724
Gloria,2013-12-20,95375
Courtnay,2004-10-24,19830
Sam,2015-07-26,67022
Dotty,1988-11-06,55750
Damaris,1979-02-14,13424
Ileana,1987-05-07,11179
Brooks,1986-12-28,57806
Mariele,2013-01-24,61208
Lindie,1986-02-20,51380
Lorenza,1983-12-04,45364
Kate,1990-07-09,29329
Lelah,1978-12-08,9777
Roslyn,2014-06-27,87709
Orelia,1979-05-14,28991
Randa,2009-01-16,61523
Pollyanna,1991-09-02,8995
Trixi,2011-04-03,24159
Joceline,1972-08-29,39461
Almeta,2012-05-21,79649
Dari,2001-12-04,80385
Donnie,2001-04-24,69579
Celisse,1974-12-13,36610
Flory,2013-03-18,77087
Justinn,1990-12-10,36338
Kary,2005-10-26,41628
Bernardine,1976-10-26,16190
Lita,1995-11-22,24498
Sarette,1971-05-27,53874
Lanna,1986-08-15,61707
Ebonee,2016-11-19,30593
Phylis,1990-08-28,52667
Minda,2019-12-16,17835
Philis,1973-02-07,21164
Kary,2005-10-26,91381
Corina,1982-11-20,30959
Kirstin,2003-09-25,21701
Natka,1970-01-12,23555
Mildrid,2000-09-28,81212
Daune,1993-09-18,67841
Nikki,1982-12-16,18611
Lindie,1970-05-21,99013
Merci,2000-10-27,18358
Jackie,2014-07-22,6675
Sandie,2011-06-24,37747
Andeee,1998-03-20,62794
Violet,2005-06-13,69713
Kerrin,1973-04-06,75056
Margette,1982-05-03,95853
Sabina,2002-04-13,34750
Florencia,2000-12-08,80357
Donnie,1991-08-13,19528
Lizzie,1971-08-26,34172
Sharlene,1981-07-16,25792
Desirae,2002-02-20,42275
Nollie,2007-01-09,40199
Jerry,1979-03-10,53868
Josephine,2014-07-26,31887
Renae,1972-01-15,91070
Sean,2019-05-12,15913
Leeanne,1974-05-09,10878
Elise,1993-12-15,31222
Tori,1979-02-04,26932
Konstance,2004-10-11,36918
Merle,1976-03-10,19205
Susette,1994-04-02,75009
Charmaine,2000-01-30,55865
Jacenta,1976-10-09,70372
Rubie,1995-04-23,16222
Phylis,1981-12-03,16388
Fanchon,2005-02-16,40653
Rivalee,1976-09-19,65857
Dawn,1995-05-29,22625
Lita,2011-05-21,50241
Joane,1976-02-03,17993
Marline,1993-11-26,63838
Bibby,2008-06-04,69911
Layla,1975-08-20,95683
Tori,2013-10-07,34205
Flo,1980-09-25,68969
Amalie,2014-10-16,92136
Kial,1979-05-21,69673
Anthia,2012-12-09,7203
Violet,1977-05-12,17206
Valli,1995-09-14,53954
Asia,2010-07-08,94717
Libbie,2011-04-25,26752
Daphne,1996-10-03,91283
Rhea,1972-09-03,32049
Jobi,1998-03-06,9727
Consuela,1974-01-30,67481
Christy,2009-07-19,45089
Alia,1973-04-09,98258
Rosaline,1977-09-21,99209
Deane,2014-01-01,36754
Dorene,1981-07-16,98111
Cordi,1974-12-30,65862
Dione,2001-06-25,26130
Bernardine,2017-09-03,66557
Michaelina,1994-03-24,39818
Minda,1977-02-03,81051
Darlleen,1989-09-19,41979
Merry,2012-12-02,99708
Chloris,2000-05-12,53182
Madeleine,1984-04-16,78292
Valera,1999-09-27,72605
Sadie,1970-07-28,39696
Dacia,2000-02-15,66741
Sadie,1971-07-12,32665
Sindee,1980-05-08,86086
Edyth,2006-07-24,14644
Vere,1986-01-01,14705
Suzette,1987-12-03,72224
Amelia,1994-03-22,26940
Lilith,1987-12-17,62424
Karlee,1974-10-02,26999
Bobinette,2005-09-24,63825
Alex,1976-11-05,14065
Willetta,1971-06-09,78390
Lorenza,2006-08-13,14526
Aryn,1998-01-19,7505
Alex,2014-07-26,57691
Shirlee,2019-10-04,8488
Althea,2000-05-12,29844
Luci,1995-10-09,98441
Nanete,1977-11-09,93800
Shaine,1983-05-17,43844
Danika,1995-12-08,52582
Rubie,2012-07-22,98012
Alejandra,1998-05-20,90300
Kayla,1981-01-09,38451
Florencia,2016-06-25,51715
Modestia,2013-03-06,18178
Chandra,1976-05-05,14495
Gwyneth,2007-08-30,53797
Charmaine,2012-04-24,74928
Rosaline,2013-03-03,48062
Candi,1990-09-12,27222
Calla,1981-08-12,31096
Di,2012-12-11,33165
Alex,2004-02-11,7963
Belinda,1985-11-12,98320
Cherilyn,2017-02-20,31717
Brietta,2012-02-25,88667
Petronia,1998-10-25,93004
Iseabal,2005-04-14,47956
Judy,2002-05-18,74571
Joleen,1987-04-25,35999
Deedee,2017-10-09,69924
Edee,2016-05-30,88390